,date,market
0,2013-08-01,190367
1,2013-08-02,183766
2,2013-08-03,211731
3,2013-08-04,226680
4,2013-08-05,227272
5,2013-08-06,239489
6,2013-08-07,246003
7,2013-08-08,252210
8,2013-08-09,233849
9,2013-08-10,211489
10,2013-08-11,209292
11,2013-08-12,212145
12,2013-08-13,213894
13,2013-08-14,221102
14,2013-08-15,213097
15,2013-08-16,224605
16,2013-08-17,214414
17,2013-08-18,209591
18,2013-08-19,252739
19,2013-08-20,240756
20,2013-08-21,244786
21,2013-08-22,238988
22,2013-08-23,255058
23,2013-08-24,248377
24,2013-08-25,253913
25,2013-08-26,248969
26,2013-08-27,227890
27,2013-08-28,251060
28,2013-08-29,228436
29,2013-08-30,213366
30,2013-08-31,181463
31,2013-09-01,161122
32,2013-09-02,164133
33,2013-09-03,164119
34,2013-09-04,166307
35,2013-09-05,194403
36,2013-09-06,181916
37,2013-09-07,163742
38,2013-09-08,173657
39,2013-09-09,170177
40,2013-09-10,171569
41,2013-09-11,170687
42,2013-09-12,184772
43,2013-09-13,168957
44,2013-09-14,155827
45,2013-09-15,151247
46,2013-09-16,150281
47,2013-09-17,155992
48,2013-09-18,162382
49,2013-09-19,161599
50,2013-09-20,187499
51,2013-09-21,184323
52,2013-09-22,172266
53,2013-09-23,177344
54,2013-09-24,180569
55,2013-09-25,162193
56,2013-09-26,154196
57,2013-09-27,160356
58,2013-09-28,169368
59,2013-09-29,174078
60,2013-09-30,166160
61,2013-10-01,138265
62,2013-10-02,147590
63,2013-10-03,136365
64,2013-10-04,142395
65,2013-10-05,148663
66,2013-10-06,147643
67,2013-10-07,163626
68,2013-10-08,157362
69,2013-10-09,165157
70,2013-10-10,195958
71,2013-10-11,184963
72,2013-10-12,179394
73,2013-10-13,182554
74,2013-10-14,190077
75,2013-10-15,190049
76,2013-10-16,168931
77,2013-10-17,157456
78,2013-10-18,157358
79,2013-10-19,148321
80,2013-10-20,109692
81,2013-10-21,118212
82,2013-10-22,118690
83,2013-10-23,111975
84,2013-10-24,109246
85,2013-10-25,133199
86,2013-10-26,141715
87,2013-10-27,138441
88,2013-10-28,124495
89,2013-10-29,121548
90,2013-10-30,123877
91,2013-10-31,120471
92,2013-11-01,133472
93,2013-11-02,126419
94,2013-11-03,126246
95,2013-11-04,133436
96,2013-11-05,137446
97,2013-11-06,154509
98,2013-11-07,158733
99,2013-11-08,166717
100,2013-11-09,177484
101,2013-11-10,182922
102,2013-11-11,169254
103,2013-11-12,173668
104,2013-11-13,165071
105,2013-11-14,159025
106,2013-11-15,179985
107,2013-11-16,176096
108,2013-11-17,202810
109,2013-11-18,262774
110,2013-11-19,301367
111,2013-11-20,255787
112,2013-11-21,303983
113,2013-11-22,349757
114,2013-11-23,429546
115,2013-11-24,441837
116,2013-11-25,680154
117,2013-11-26,833409
118,2013-11-27,1237420
119,2013-11-28,1353050
120,2013-11-29,1213080
121,2013-11-30,1551100
122,2013-12-01,4974620
123,2013-12-02,3002170
124,2013-12-03,2667450
125,2013-12-04,2635260
126,2013-12-05,3134360
127,2013-12-06,2392660
128,2013-12-07,2049530
129,2013-12-08,1571190
130,2013-12-09,1722000
131,2013-12-10,2405840
132,2013-12-11,2967570
133,2013-12-12,2793590
134,2013-12-13,4685300
135,2013-12-14,5600610
136,2013-12-15,8116560
137,2013-12-16,6462540
138,2013-12-17,3760530
139,2013-12-18,3199180
140,2013-12-19,2126720
141,2013-12-20,3123100
142,2013-12-21,3162460
143,2013-12-22,2655530
144,2013-12-23,2403460
145,2013-12-24,2787650
146,2013-12-25,2650060
147,2013-12-26,3048810
148,2013-12-27,3101750
149,2013-12-28,3131040
150,2013-12-29,2863980
151,2013-12-30,2831950
152,2013-12-31,2719980
153,2014-01-01,2778670
154,2014-01-02,3408500
155,2014-01-03,3210470
156,2014-01-04,3346010
157,2014-01-05,3341270
158,2014-01-06,3985520
159,2014-01-07,4121530
160,2014-01-08,3999150
161,2014-01-09,4351450
162,2014-01-10,4641370
163,2014-01-12,4538430
164,2014-01-13,4366460
165,2014-01-14,4181930
166,2014-01-15,4106430
167,2014-01-16,4251970
168,2014-01-17,4129970
169,2014-01-18,3949000
170,2014-01-19,4071590
171,2014-01-20,3940610
172,2014-01-21,3663070
173,2014-01-22,3662180
174,2014-01-23,3504450
175,2014-01-24,3271740
176,2014-01-25,3247820
177,2014-01-26,3438810
178,2014-01-27,3449070
179,2014-01-28,2826580
180,2014-01-29,3389350
181,2014-01-30,3263890
182,2014-01-31,3281080
183,2014-02-01,3303230
184,2014-02-02,3434060
185,2014-02-03,3405570
186,2014-02-04,3390610
187,2014-02-05,3342850
188,2014-02-06,3396020
189,2014-02-07,3265350
190,2014-02-08,2769020
191,2014-02-09,2628780
192,2014-02-10,2540200
193,2014-02-11,2522330
194,2014-02-12,2418470
195,2014-02-13,2285230
196,2014-02-14,2049000
197,2014-02-15,2297150
198,2014-02-16,2328200
199,2014-02-17,2221110
200,2014-02-18,2330830
201,2014-02-19,2239740
202,2014-02-20,2163270
203,2014-02-21,2033500
204,2014-02-22,2208680
205,2014-02-23,2052540
206,2014-02-24,2104510
207,2014-02-25,1907370
208,2014-02-26,1673190
209,2014-02-27,1747180
210,2014-02-28,1618580
211,2014-03-01,1315920
212,2014-03-02,1280930
213,2014-03-03,1087710
214,2014-03-04,1341970
215,2014-03-05,1356960
216,2014-03-06,1267830
217,2014-03-07,1200970
218,2014-03-08,1115770
219,2014-03-09,843068
220,2014-03-10,907866
221,2014-03-11,819529
222,2014-03-12,798157
223,2014-03-13,793854
224,2014-03-14,1018000
225,2014-03-15,805703
226,2014-03-16,797826
227,2014-03-17,607506
228,2014-03-18,581081
229,2014-03-19,662632
230,2014-03-20,640843
231,2014-03-21,608738
232,2014-03-22,596876
233,2014-03-23,556964
234,2014-03-24,592039
235,2014-03-25,674928
236,2014-03-26,583367
237,2014-03-27,574727
238,2014-03-28,394982
239,2014-03-29,433070
240,2014-03-30,435381
241,2014-03-31,429468
242,2014-04-01,356839
243,2014-04-02,405644
244,2014-04-03,326959
245,2014-04-04,331262
246,2014-04-05,345130
247,2014-04-06,347668
248,2014-04-07,355578
249,2014-04-08,353768
250,2014-04-09,400674
251,2014-04-10,461106
252,2014-04-11,351767
253,2014-04-12,417995
254,2014-04-13,413167
255,2014-04-14,376029
256,2014-04-15,445535
257,2014-04-16,627189
258,2014-04-17,771146
259,2014-04-18,586999
260,2014-04-19,610032
261,2014-04-20,642168
262,2014-04-21,585108
263,2014-04-22,588375
264,2014-04-23,586661
265,2014-04-24,544417
266,2014-04-25,541653
267,2014-04-26,361895
268,2014-04-27,362847
269,2014-04-28,341722
270,2014-04-29,364608
271,2014-04-30,402948
272,2014-05-01,448207
273,2014-05-02,454927
274,2014-05-03,445012
275,2014-05-04,427609
276,2014-05-05,410330
277,2014-05-06,419202
278,2014-05-07,403794
279,2014-05-08,432288
280,2014-05-09,410486
281,2014-05-10,436998
282,2014-05-11,445888
283,2014-05-12,362151
284,2014-05-13,383223
285,2014-05-14,376497
286,2014-05-15,376962
287,2014-05-16,380202
288,2014-05-17,386754
289,2014-05-18,374819
290,2014-05-19,385141
291,2014-05-20,379366
292,2014-05-21,397786
293,2014-05-22,382940
294,2014-05-23,388441
295,2014-05-24,373829
296,2014-05-25,374058
297,2014-05-26,385856
298,2014-05-27,400709
299,2014-05-28,380046
300,2014-05-29,378106
301,2014-05-30,400678
302,2014-05-31,360269
303,2014-06-01,345131
304,2014-06-02,337891
305,2014-06-03,337527
306,2014-06-04,343014
307,2014-06-05,311422
308,2014-06-06,307182
309,2014-06-07,302036
310,2014-06-08,281377
311,2014-06-09,318821
312,2014-06-10,310111
313,2014-06-11,298672
314,2014-06-12,272845
315,2014-06-13,250116
316,2014-06-14,271235
317,2014-06-15,256354
318,2014-06-16,252938
319,2014-06-17,243191
320,2014-06-18,238451
321,2014-06-19,226004
322,2014-06-20,239239
323,2014-06-21,238206
324,2014-06-22,247985
325,2014-06-23,223567
326,2014-06-24,249780
327,2014-06-25,215794
328,2014-06-26,202211
329,2014-06-27,203858
330,2014-06-28,215879
331,2014-06-29,212535
332,2014-06-30,237373
333,2014-07-01,232789
334,2014-07-02,231496
335,2014-07-03,231449
336,2014-07-04,237323
337,2014-07-05,231392
338,2014-07-06,243609
339,2014-07-07,210369
340,2014-07-08,237424
341,2014-07-09,248816
342,2014-07-10,213143
343,2014-07-11,209066
344,2014-07-12,218735
345,2014-07-13,195326
346,2014-07-14,207097
347,2014-07-15,194241
348,2014-07-16,191581
349,2014-07-17,174834
350,2014-07-18,171236
351,2014-07-19,228703
352,2014-07-20,234287
353,2014-07-21,218547
354,2014-07-22,254755
355,2014-07-23,227770
356,2014-07-24,218584
357,2014-07-25,216615
358,2014-07-26,216039
359,2014-07-27,205340
360,2014-07-28,207120
361,2014-07-29,208957
362,2014-07-30,267283
363,2014-07-31,203360
364,2014-08-01,220167
365,2014-08-02,218122
366,2014-08-03,215503
367,2014-08-04,213367
368,2014-08-05,224854
369,2014-08-06,214895
370,2014-08-07,204595
371,2014-08-08,194421
372,2014-08-09,188136
373,2014-08-10,186523
374,2014-08-11,195067
375,2014-08-12,180027
376,2014-08-13,162081
377,2014-08-14,155732
378,2014-08-15,145295
379,2014-08-16,147891
380,2014-08-17,142966
381,2014-08-18,137619
382,2014-08-19,122485
383,2014-08-20,124346
384,2014-08-21,118065
385,2014-08-22,115416
386,2014-08-23,103968
387,2014-08-24,107291
388,2014-08-25,121723
389,2014-08-26,110674
390,2014-08-27,117633
391,2014-08-28,124507
392,2014-08-29,123331
393,2014-08-30,120401
394,2014-08-31,116809
395,2014-09-01,114090
396,2014-09-02,122760
397,2014-09-03,174151
398,2014-09-04,128970
399,2014-09-05,123473
400,2014-09-06,124206
401,2014-09-07,129860
402,2014-09-08,129043
403,2014-09-09,119830
404,2014-09-10,119593
405,2014-09-11,134536
406,2014-09-12,161629
407,2014-09-13,174878
408,2014-09-14,210720
409,2014-09-15,218216
410,2014-09-16,235453
411,2014-09-17,225599
412,2014-09-18,210908
413,2014-09-19,220896
414,2014-09-20,204871
415,2014-09-21,219701
416,2014-09-22,206121
417,2014-09-23,215902
418,2014-09-24,238903
419,2014-09-25,214008
420,2014-09-26,215231
421,2014-09-27,231041
422,2014-09-28,221978
423,2014-09-29,198956
424,2014-09-30,198906
425,2014-10-01,205599
426,2014-10-02,195145
427,2014-10-03,217578
428,2014-10-04,213421
429,2014-10-05,189695
430,2014-10-06,168765
431,2014-10-07,200162
432,2014-10-08,186214
433,2014-10-09,190614
434,2014-10-10,202553
435,2014-10-11,190903
436,2014-10-12,192802
437,2014-10-13,194849
438,2014-10-14,204394
439,2014-10-15,208412
440,2014-10-16,195327
441,2014-10-17,194315
442,2014-10-18,188454
443,2014-10-19,186651
444,2014-10-20,193625
445,2014-10-21,194260
446,2014-10-22,181907
447,2014-10-23,185384
448,2014-10-24,174319
449,2014-10-25,160195
450,2014-10-26,172607
451,2014-10-27,160048
452,2014-10-28,165741
453,2014-10-29,167443
454,2014-10-30,160541
455,2014-10-31,161660
456,2014-11-01,174954
457,2014-11-02,178542
458,2014-11-03,173169
459,2014-11-04,185010
460,2014-11-05,177770
461,2014-11-06,177615
462,2014-11-07,178918
463,2014-11-08,176743
464,2014-11-09,183546
465,2014-11-10,181752
466,2014-11-11,186513
467,2014-11-12,184823
468,2014-11-13,224280
469,2014-11-14,205294
470,2014-11-15,214437
471,2014-11-16,195935
472,2014-11-17,195227
473,2014-11-18,193292
474,2014-11-19,186896
475,2014-11-20,188450
476,2014-11-21,184241
477,2014-11-22,197426
478,2014-11-23,195923
479,2014-11-24,198582
480,2014-11-25,217804
481,2014-11-26,216079
482,2014-11-27,203537
483,2014-11-28,188669
484,2014-11-29,190395
485,2014-11-30,191335
486,2014-12-01,184687
487,2014-12-02,185585
488,2014-12-03,176812
489,2014-12-04,210481
490,2014-12-05,189521
491,2014-12-06,200231
492,2014-12-07,182958
493,2014-12-08,212933
494,2014-12-09,213049
495,2014-12-10,197826
496,2014-12-11,187214
497,2014-12-12,198674
498,2014-12-13,201600
499,2014-12-14,192833
500,2014-12-15,193367
501,2014-12-16,187205
502,2014-12-17,169910
503,2014-12-18,163575
504,2014-12-19,155337
505,2014-12-20,186973
506,2014-12-21,177259
507,2014-12-22,172566
508,2014-12-23,182675
509,2014-12-24,175033
510,2014-12-25,182363
511,2014-12-26,178180
512,2014-12-27,178784
513,2014-12-28,175873
514,2014-12-29,168532
515,2014-12-30,172351
516,2014-12-31,177756
517,2015-01-01,180021
518,2015-01-02,182518
519,2015-01-03,179632
520,2015-01-04,160831
521,2015-01-05,156311
522,2015-01-06,179052
523,2015-01-07,183577
524,2015-01-08,193485
525,2015-01-09,187938
526,2015-01-10,187180
527,2015-01-11,159247
528,2015-01-12,157858
529,2015-01-13,148221
530,2015-01-14,130548
531,2015-01-15,145978
532,2015-01-16,136471
533,2015-01-17,130299
534,2015-01-18,123226
535,2015-01-19,104193
536,2015-01-20,111022
537,2015-01-21,108685
538,2015-01-22,132542
539,2015-01-23,105369
540,2015-01-24,115967
541,2015-01-25,145135
542,2015-01-26,145924
543,2015-01-27,145828
544,2015-01-28,108328
545,2015-01-29,87487
546,2015-01-30,144254
547,2015-01-31,127172
548,2015-02-01,132427
549,2015-02-02,112304
550,2015-02-03,106751
551,2015-02-04,121508
552,2015-02-05,131154
553,2015-02-06,127600
554,2015-02-07,125456
555,2015-02-08,95097
556,2015-02-09,128682
557,2015-02-10,126001
558,2015-02-11,124671
559,2015-02-12,116360
560,2015-02-13,120789
561,2015-02-14,133780
562,2015-02-15,142734
563,2015-02-16,127291
564,2015-02-17,120494
565,2015-02-18,129843
566,2015-02-19,128788
567,2015-02-20,133957
568,2015-02-21,99195
569,2015-02-22,134967
570,2015-02-23,128133
571,2015-02-24,125975
572,2015-02-25,140144
573,2015-02-26,139895
574,2015-02-27,126881
575,2015-02-28,137926
576,2015-03-01,134146
577,2015-03-02,135585
578,2015-03-03,135358
579,2015-03-04,149709
580,2015-03-05,144160
581,2015-03-06,148888
582,2015-03-07,145345
583,2015-03-08,154024
584,2015-03-09,143013
585,2015-03-10,147117
586,2015-03-11,155046
587,2015-03-12,131638
588,2015-03-13,122190
589,2015-03-14,124728
590,2015-03-15,112125
591,2015-03-16,107127
592,2015-03-17,111944
593,2015-03-18,115702
594,2015-03-19,107756
595,2015-03-20,98075
596,2015-03-21,100506
597,2015-03-22,106220
598,2015-03-23,104849
599,2015-03-24,121070
600,2015-03-25,114302
601,2015-03-26,115664
602,2015-03-27,122255
603,2015-03-28,143112
604,2015-03-29,128794
605,2015-03-30,112488
606,2015-03-31,119040
607,2015-04-01,115191
608,2015-04-02,115599
609,2015-04-03,120055
610,2015-04-04,126731
611,2015-04-05,122165
612,2015-04-06,127002
613,2015-04-07,106634
614,2015-04-08,108292
615,2015-04-09,108197
616,2015-04-10,117086
617,2015-04-11,104093
618,2015-04-12,102514
619,2015-04-13,99552
620,2015-04-14,95572
621,2015-04-15,94068
622,2015-04-16,93539
623,2015-04-17,99420
624,2015-04-18,93111
625,2015-04-19,92129
626,2015-04-20,90381
627,2015-04-21,85588
628,2015-04-22,86921
629,2015-04-23,82637
630,2015-04-24,91258
631,2015-04-25,89442
632,2015-04-26,86331
633,2015-04-27,81718
634,2015-04-28,84330
635,2015-04-29,89948
636,2015-04-30,80378
637,2015-05-01,84154
638,2015-05-02,79166
639,2015-05-03,69184
640,2015-05-04,81146
641,2015-05-05,84981
642,2015-05-06,89529
643,2015-05-07,81730
644,2015-05-08,80309
645,2015-05-09,82205
646,2015-05-10,87298
647,2015-05-11,97914
648,2015-05-12,114330
649,2015-05-13,132858
650,2015-05-14,108589
651,2015-05-15,108456
652,2015-05-16,135512
653,2015-05-17,142757
654,2015-05-18,138327
655,2015-05-19,142257
656,2015-05-20,167850
657,2015-05-21,158723
658,2015-05-22,175966
659,2015-05-23,228644
660,2015-05-24,224556
661,2015-05-25,252755
662,2015-05-26,233611
663,2015-05-27,268637
664,2015-05-28,284285
665,2015-05-29,260817
666,2015-05-30,233238
667,2015-05-31,218919
668,2015-06-01,205404
669,2015-06-02,197105
670,2015-06-03,220292
671,2015-06-04,198311
672,2015-06-05,189719
673,2015-06-06,191240
674,2015-06-07,198121
675,2015-06-08,189219
676,2015-06-09,200951
677,2015-06-10,202395
678,2015-06-11,216692
679,2015-06-12,199054
680,2015-06-13,202931
681,2015-06-14,243957
682,2015-06-15,284973
683,2015-06-16,312516
684,2015-06-17,432703
685,2015-06-18,550634
686,2015-06-19,595704
687,2015-06-20,529694
688,2015-06-21,530500
689,2015-06-22,522688
690,2015-06-23,544528
691,2015-06-24,475347
692,2015-06-25,402838
693,2015-06-26,458161
694,2015-06-27,474229
695,2015-06-28,505124
696,2015-06-29,452229
697,2015-06-30,514563
698,2015-07-01,496758
699,2015-07-02,470904
700,2015-07-03,442606
701,2015-07-04,455074
702,2015-07-05,454469
703,2015-07-06,481445
704,2015-07-07,457324
705,2015-07-08,444847
706,2015-07-09,454962
707,2015-07-10,453646
708,2015-07-11,469432
709,2015-07-12,424967
710,2015-07-13,469512
711,2015-07-14,435195
712,2015-07-15,416295
713,2015-07-16,360184
714,2015-07-17,306892
715,2015-07-18,323289
716,2015-07-19,301425
717,2015-07-20,304979
718,2015-07-21,302547
719,2015-07-22,292994
720,2015-07-23,291877
721,2015-07-24,278886
722,2015-07-25,317697
723,2015-07-26,292570
724,2015-07-27,290120
725,2015-07-28,298844
726,2015-07-29,298098
727,2015-07-30,283533
728,2015-07-31,288033
729,2015-08-01,273448
730,2015-08-02,252073
731,2015-08-03,239630
732,2015-08-04,249797
733,2015-08-05,239685
734,2015-08-06,247902
735,2015-08-07,302253
736,2015-08-08,264354
737,2015-08-09,217833
738,2015-08-10,225160
739,2015-08-11,209744
740,2015-08-12,218688
741,2015-08-13,239598
742,2015-08-14,219969
743,2015-08-15,224140
744,2015-08-16,214997
745,2015-08-17,218210
746,2015-08-18,200327
747,2015-08-19,191158
748,2015-08-20,193447
749,2015-08-21,194046
750,2015-08-22,198952
751,2015-08-23,190771
752,2015-08-24,182707
753,2015-08-25,172351
754,2015-08-26,190254
755,2015-08-27,182233
756,2015-08-28,183180
757,2015-08-29,188377
758,2015-08-30,195978
759,2015-08-31,199494
760,2015-09-01,199964
761,2015-09-02,189718
762,2015-09-03,191550
763,2015-09-04,189520
764,2015-09-05,191725
765,2015-09-06,198992
766,2015-09-07,186058
767,2015-09-08,198764
768,2015-09-09,209929
769,2015-09-10,241288
770,2015-09-11,227749
771,2015-09-12,232004
772,2015-09-13,203799
773,2015-09-14,194754
774,2015-09-15,191343
775,2015-09-16,202064
776,2015-09-17,213670
777,2015-09-18,207683
778,2015-09-19,208748
779,2015-09-20,232942
780,2015-09-21,225506
781,2015-09-22,231597
782,2015-09-23,254870
783,2015-09-24,242574
784,2015-09-25,248034
785,2015-09-26,241010
786,2015-09-27,228881
787,2015-09-28,235668
788,2015-09-29,238454
789,2015-09-30,232017
790,2015-10-01,213796
791,2015-10-02,213783
792,2015-10-03,213015
793,2015-10-04,224017
794,2015-10-05,211863
795,2015-10-06,196487
796,2015-10-07,202188
797,2015-10-08,194201
798,2015-10-09,195582
799,2015-10-10,200100
800,2015-10-11,200062
801,2015-10-12,203710
802,2015-10-13,205923
803,2015-10-14,201701
804,2015-10-15,193495
805,2015-10-16,196470
806,2015-10-17,203159
807,2015-10-18,206381
808,2015-10-19,188202
809,2015-10-20,192916
810,2015-10-21,182970
811,2015-10-22,176561
812,2015-10-23,168062
813,2015-10-24,174501
814,2015-10-25,172375
815,2015-10-26,184904
816,2015-10-27,177596
817,2015-10-28,184086
818,2015-10-29,188798
819,2015-10-30,239913
820,2015-10-31,252905
821,2015-11-01,229362
822,2015-11-02,217011
823,2015-11-03,231633
824,2015-11-04,263739
825,2015-11-05,255205
826,2015-11-06,236040
827,2015-11-07,242332
828,2015-11-08,319416
829,2015-11-09,265478
830,2015-11-10,286884
831,2015-11-11,257969
832,2015-11-12,248176
833,2015-11-13,247936
834,2015-11-14,243730
835,2015-11-15,233680
836,2015-11-16,242065
837,2015-11-17,229341
838,2015-11-18,239273
839,2015-11-19,233375
840,2015-11-20,231336
841,2015-11-21,219639
842,2015-11-22,209883
843,2015-11-23,206790
844,2015-11-24,219896
845,2015-11-25,229563
846,2015-11-26,241265
847,2015-11-27,233910
848,2015-11-28,247568
849,2015-11-29,237809
850,2015-11-30,290344
851,2015-12-01,273976
852,2015-12-02,312331
853,2015-12-03,278456
854,2015-12-04,291654
855,2015-12-05,287513
856,2015-12-06,297258
857,2015-12-07,299999
858,2015-12-08,301829
859,2015-12-09,306713
860,2015-12-10,310332
861,2015-12-11,315552
862,2015-12-12,348372
863,2015-12-13,315872
864,2015-12-14,322957
865,2015-12-15,317525
866,2015-12-16,330130
867,2015-12-17,306912
868,2015-12-18,330029
869,2015-12-19,333501
870,2015-12-20,309971
871,2015-12-21,300115
872,2015-12-22,290856
873,2015-12-23,287936
874,2015-12-24,282223
875,2015-12-25,312001
876,2015-12-26,311959
877,2015-12-27,250635
878,2015-12-28,261967
879,2015-12-29,283940
880,2015-12-30,274178
881,2015-12-31,262984
882,2016-01-01,288592
883,2016-01-02,277097
884,2016-01-03,275662
885,2016-01-04,288273
886,2016-01-05,302874
887,2016-01-06,267891
888,2016-01-07,265166
889,2016-01-08,269604
890,2016-01-09,267698
891,2016-01-10,267291
892,2016-01-11,275691
893,2016-01-12,285144
894,2016-01-13,300462
895,2016-01-14,323473
896,2016-01-15,319464
897,2016-01-16,279696
898,2016-01-17,291304
899,2016-01-18,281311
900,2016-01-19,281348
901,2016-01-20,268019
902,2016-01-21,288837
903,2016-01-22,267567
904,2016-01-23,283690
905,2016-01-24,306545
906,2016-01-25,315761
907,2016-01-26,313837
908,2016-01-27,555756
909,2016-01-28,970328
910,2016-01-29,685453
911,2016-01-30,537511
912,2016-01-31,538279
913,2016-02-01,509849
914,2016-02-02,524059
915,2016-02-03,505657
916,2016-02-04,522665
917,2016-02-05,599238
918,2016-02-06,645288
919,2016-02-07,589726
920,2016-02-08,642078
921,2016-02-09,558109
922,2016-02-10,659984
923,2016-02-11,744084
924,2016-02-12,717277
925,2016-02-13,732459
926,2016-02-14,790488
927,2016-02-15,918180
928,2016-02-16,874309
929,2016-02-17,842821
930,2016-02-18,825603
931,2016-02-19,835308
932,2016-02-20,772501
933,2016-02-21,784886
934,2016-02-22,765481
935,2016-02-23,683016
936,2016-02-24,664843
937,2016-02-25,654498
938,2016-02-26,628628
939,2016-02-27,585746
940,2016-02-28,607826
941,2016-02-29,584897
942,2016-03-01,612571
943,2016-03-02,619762
944,2016-03-03,594386
945,2016-03-04,579200
946,2016-03-05,575036
947,2016-03-06,567319
948,2016-03-07,547009
949,2016-03-08,585091
950,2016-03-09,558862
951,2016-03-10,551653
952,2016-03-11,635890
953,2016-03-12,613603
954,2016-03-13,575973
955,2016-03-14,590644
956,2016-03-15,578301
957,2016-03-16,590869
958,2016-03-17,545592
959,2016-03-18,562499
960,2016-03-19,549836
961,2016-03-20,540621
962,2016-03-21,512427
963,2016-03-22,535425
964,2016-03-23,566929
965,2016-03-24,554480
966,2016-03-25,544496
967,2016-03-26,535089
968,2016-03-27,544810
969,2016-03-28,539177
970,2016-03-29,509990
971,2016-03-30,531971
972,2016-03-31,519389
973,2016-04-01,539166
974,2016-04-02,521512
975,2016-04-03,547652
976,2016-04-04,535925
977,2016-04-05,469267
978,2016-04-06,492716
979,2016-04-07,493629
980,2016-04-08,519471
981,2016-04-09,514526
982,2016-04-10,493664
983,2016-04-11,526968
984,2016-04-12,477032
985,2016-04-13,475336
986,2016-04-14,512072
987,2016-04-15,556134
988,2016-04-16,565588
989,2016-04-17,574495
990,2016-04-18,579897
991,2016-04-19,532976
992,2016-04-20,528458
993,2016-04-21,532133
994,2016-04-22,535718
995,2016-04-23,535718
996,2016-04-24,542186
997,2016-04-25,506758
998,2016-04-26,526232
999,2016-04-27,537705
1000,2016-04-28,525718
1001,2016-04-29,505645
1002,2016-04-30,524908
1003,2016-05-01,501500
1004,2016-05-02,506110
1005,2016-05-03,499000
1006,2016-05-04,500607
1007,2016-05-05,493270
1008,2016-05-06,478697
1009,2016-05-07,495099
1010,2016-05-08,473968
1011,2016-05-09,458605
1012,2016-05-10,473797
1013,2016-05-11,420326
1014,2016-05-12,409439
1015,2016-05-13,451305
1016,2016-05-14,420283
1017,2016-05-15,419213
1018,2016-05-16,409874
1019,2016-05-17,1034920
1020,2016-05-18,439006
1021,2016-05-19,409044
1022,2016-05-20,397706
1023,2016-05-21,397299
1024,2016-05-22,378432
1025,2016-05-23,372337
1026,2016-05-24,381572
1027,2016-05-25,393468
1028,2016-05-26,393604
1029,2016-05-27,392799
1030,2016-05-28,448496
1031,2016-05-29,502585
1032,2016-05-30,482229
1033,2016-05-31,452439
1034,2016-06-01,464838
1035,2016-06-02,456553
1036,2016-06-03,458850
1037,2016-06-04,452132
1038,2016-06-05,427448
1039,2016-06-06,430045
1040,2016-06-07,438405
1041,2016-06-08,429740
1042,2016-06-09,442234
1043,2016-06-10,412947
1044,2016-06-11,428953
1045,2016-06-12,414965
1046,2016-06-13,466330
1047,2016-06-14,473440
1048,2016-06-15,494145
1049,2016-06-16,503290
1050,2016-06-17,540740
1051,2016-06-18,536113
1052,2016-06-19,648484
1053,2016-06-20,644108
1054,2016-06-21,572637
1055,2016-06-22,531949
1056,2016-06-23,503936
1057,2016-06-24,518279
1058,2016-06-25,477571
1059,2016-06-26,474488
1060,2016-06-27,458238
1061,2016-06-28,479944
1062,2016-06-29,545524
1063,2016-06-30,521400
1064,2016-07-01,530675
1065,2016-07-02,510175
1066,2016-07-03,515999
1067,2016-07-04,504900
1068,2016-07-05,522070
1069,2016-07-06,515389
1070,2016-07-07,510418
1071,2016-07-08,464877
1072,2016-07-09,523668
1073,2016-07-10,473068
1074,2016-07-11,525395
1075,2016-07-12,527355
1076,2016-07-13,523584
1077,2016-07-14,517496
1078,2016-07-15,510985
1079,2016-07-16,509299
1080,2016-07-17,510685
1081,2016-07-18,525252
1082,2016-07-19,524802
1083,2016-07-20,563876
1084,2016-07-21,525222
1085,2016-07-22,495464
1086,2016-07-23,479573
1087,2016-07-24,503515
1088,2016-07-25,504505
1089,2016-07-26,481966
1090,2016-07-27,479366
1091,2016-07-28,487888
1092,2016-07-29,490312
1093,2016-07-30,490533
1094,2016-07-31,495196
1095,2016-08-01,456806
1096,2016-08-02,439976
1097,2016-08-03,404173
1098,2016-08-04,404125
1099,2016-08-05,423527
1100,2016-08-06,407842
1101,2016-08-07,367486
1102,2016-08-08,402251
1103,2016-08-09,410078
1104,2016-08-10,415838
1105,2016-08-11,404132
1106,2016-08-12,366691
1107,2016-08-13,420058
1108,2016-08-14,423404
1109,2016-08-15,413052
1110,2016-08-16,406185
1111,2016-08-17,397615
1112,2016-08-18,403482
1113,2016-08-19,394699
1114,2016-08-20,385131
1115,2016-08-21,406797
1116,2016-08-22,409407
1117,2016-08-23,392474
1118,2016-08-24,388391
1119,2016-08-25,271955
1120,2016-08-26,291718
1121,2016-08-27,373941
1122,2016-08-28,375447
1123,2016-08-29,363280
1124,2016-08-30,386328
1125,2016-08-31,421378
1126,2016-09-01,416588
1127,2016-09-02,407351
1128,2016-09-03,405263
1129,2016-09-04,408348
1130,2016-09-05,423497
1131,2016-09-06,401147
1132,2016-09-07,405851
1133,2016-09-08,408637
1134,2016-09-09,373755
1135,2016-09-10,395393
1136,2016-09-11,413276
1137,2016-09-12,408846
1138,2016-09-13,409751
1139,2016-09-14,384010
1140,2016-09-15,408000
1141,2016-09-16,414428
1142,2016-09-17,399926
1143,2016-09-18,398887
1144,2016-09-19,396800
1145,2016-09-20,399816
1146,2016-09-21,397563
1147,2016-09-22,401102
1148,2016-09-23,403822
1149,2016-09-24,395039
1150,2016-09-25,389475
1151,2016-09-26,389213
1152,2016-09-27,394317
1153,2016-09-28,389856
1154,2016-09-29,384227
1155,2016-09-30,382463
1156,2016-10-01,377139
1157,2016-10-02,396329
1158,2016-10-03,373721
1159,2016-10-04,368373
1160,2016-10-05,386263
1161,2016-10-06,374429
1162,2016-10-07,364212
1163,2016-10-08,375193
1164,2016-10-09,364418
1165,2016-10-10,366695
1166,2016-10-11,347440
1167,2016-10-12,356718
1168,2016-10-13,352035
1169,2016-10-14,345531
1170,2016-10-15,348905
1171,2016-10-16,343824
1172,2016-10-17,341339
1173,2016-10-18,347667
1174,2016-10-19,338307
1175,2016-10-20,315012
1176,2016-10-21,343617
1177,2016-10-22,329014
1178,2016-10-23,335514
1179,2016-10-24,328731
1180,2016-10-25,319734
1181,2016-10-26,325398
1182,2016-10-27,329961
1183,2016-10-28,327417
1184,2016-10-29,330626
1185,2016-10-30,343676
1186,2016-10-31,377724
1187,2016-11-01,356326
1188,2016-11-02,334311
1189,2016-11-03,313004
1190,2016-11-04,325825
1191,2016-11-05,253498
1192,2016-11-06,340587
1193,2016-11-07,367028
1194,2016-11-08,331330
1195,2016-11-09,329769
1196,2016-11-10,302966
1197,2016-11-11,343432
1198,2016-11-12,358510
1199,2016-11-13,388691
1200,2016-11-14,359796
1201,2016-11-15,358998
1202,2016-11-16,360065
1203,2016-11-17,373102
1204,2016-11-18,363019
1205,2016-11-19,363476
1206,2016-11-20,377669
1207,2016-11-21,366881
1208,2016-11-22,346020
1209,2016-11-23,357207
1210,2016-11-24,339681
1211,2016-11-25,326442
1212,2016-11-26,322438
1213,2016-11-27,317548
1214,2016-11-28,316253
1215,2016-11-29,313853
1216,2016-11-30,321223
1217,2016-12-01,314466
1218,2016-12-02,309456
1219,2016-12-03,319444
1220,2016-12-04,269294
1221,2016-12-05,302764
1222,2016-12-06,267824
1223,2016-12-07,272569
1224,2016-12-08,281640
1225,2016-12-09,279766
1226,2016-12-10,270375
1227,2016-12-11,269754
1228,2016-12-12,278430
1229,2016-12-13,277210
1230,2016-12-14,265625
1231,2016-12-15,268570
1232,2016-12-16,281867
1233,2016-12-17,265892
1234,2016-12-18,260080
1235,2016-12-19,263021
1236,2016-12-20,243360
1237,2016-12-21,224844
1238,2016-12-22,249947
1239,2016-12-23,251965
1240,2016-12-24,284481
1241,2016-12-25,279107
1242,2016-12-26,232927
1243,2016-12-27,261231
1244,2016-12-28,260267
1245,2016-12-29,238952
1246,2016-12-30,261305
1247,2016-12-31,257851
1248,2017-01-01,261605
1249,2017-01-02,252976
1250,2017-01-03,264103
1251,2017-01-04,251625
1252,2017-01-05,335342
1253,2017-01-06,269502
1254,2017-01-07,248347
1255,2017-01-08,246783
1256,2017-01-09,252434
1257,2017-01-10,250622
1258,2017-01-11,247225
1259,2017-01-12,237903
1260,2017-01-13,262794
1261,2017-01-14,266390
1262,2017-01-15,248391
1263,2017-01-16,236409
1264,2017-01-17,232946
1265,2017-01-18,254884
1266,2017-01-19,241100
1267,2017-01-20,249258
1268,2017-01-21,243970
1269,2017-01-22,237619
1270,2017-01-23,233764
1271,2017-01-24,221440
1272,2017-01-25,219694
1273,2017-01-26,214333
1274,2017-01-27,227596
1275,2017-01-28,224239
1276,2017-01-29,228176
1277,2017-01-30,236090
1278,2017-01-31,190916
1279,2017-02-01,204665
1280,2017-02-02,215012
1281,2017-02-03,222513
1282,2017-02-04,235563
1283,2017-02-05,246100
1284,2017-02-06,235532
1285,2017-02-07,229547
1286,2017-02-08,228654
1287,2017-02-09,228019
1288,2017-02-10,209829
1289,2017-02-11,214535
1290,2017-02-12,213321
1291,2017-02-13,205876
1292,2017-02-14,198201
1293,2017-02-15,190030
1294,2017-02-16,184475
1295,2017-02-17,188991
1296,2017-02-18,185767
1297,2017-02-19,187569
1298,2017-02-20,168228
1299,2017-02-21,173171
1300,2017-02-22,176176
1301,2017-02-23,182514
1302,2017-02-24,194307
1303,2017-02-25,186858
1304,2017-02-26,170598
1305,2017-02-27,179189
1306,2017-02-28,180738
1307,2017-03-01,180227
1308,2017-03-02,184397
1309,2017-03-03,174753
1310,2017-03-04,197735
1311,2017-03-05,185121
1312,2017-03-06,190991
1313,2017-03-07,211773
1314,2017-03-08,216561
1315,2017-03-09,207051
1316,2017-03-10,201665
1317,2017-03-11,193913
1318,2017-03-12,193306
1319,2017-03-13,233727
1320,2017-03-14,247432
1321,2017-03-15,241398
1322,2017-03-16,244281
1323,2017-03-17,237495
1324,2017-03-18,233529
1325,2017-03-19,215414
1326,2017-03-20,222157
1327,2017-03-21,232410
1328,2017-03-22,237397
1329,2017-03-23,221240
1330,2017-03-24,251823
1331,2017-03-25,257041
1332,2017-03-26,247643
1333,2017-03-27,230048
1334,2017-03-28,247099
1335,2017-03-29,242102
1336,2017-03-30,249752
1337,2017-03-31,266519
1338,2017-04-01,288243
1339,2017-04-02,322568
1340,2017-04-03,367936
1341,2017-04-04,374880
1342,2017-04-05,378910
1343,2017-04-06,389595
1344,2017-04-07,375148
1345,2017-04-08,413369
1346,2017-04-09,443732
1347,2017-04-10,392016
1348,2017-04-11,386486
1349,2017-04-12,365742
1350,2017-04-13,367128
1351,2017-04-14,382363
1352,2017-04-15,373652
1353,2017-04-16,381321
1354,2017-04-17,406883
1355,2017-04-18,447896
1356,2017-04-19,538104
1357,2017-04-20,591436
1358,2017-04-21,548448
1359,2017-04-22,601326
1360,2017-04-23,570915
1361,2017-04-24,568862
1362,2017-04-25,575668
1363,2017-04-26,644166
1364,2017-04-27,809625
1365,2017-04-28,1263030
1366,2017-04-29,1195590
1367,2017-04-30,1673640
1368,2017-05-01,2089870
1369,2017-05-02,3188890
1370,2017-05-03,2653100
1371,2017-05-04,2847400
1372,2017-05-05,2704930
1373,2017-05-06,2665890
1374,2017-05-07,2366670
1375,2017-05-08,2117690
1376,2017-05-09,2815720
1377,2017-05-10,2354560
1378,2017-05-11,2150840
1379,2017-05-12,1714710
1380,2017-05-13,1808400
1381,2017-05-14,1964160
1382,2017-05-15,1934860
1383,2017-05-16,1864030
1384,2017-05-17,2022010
1385,2017-05-18,1917390
1386,2017-05-19,2134970
1387,2017-05-20,2648510
1388,2017-05-21,2568740
1389,2017-05-22,2938310
1390,2017-05-23,2739050
1391,2017-05-24,875458
1392,2017-05-25,2866260
1393,2017-05-26,2415870
1394,2017-05-27,1745460
1395,2017-05-28,2083800
1396,2017-05-29,2032680
1397,2017-05-30,2096870
1398,2017-05-31,2003620
1399,2017-06-01,2068560
1400,2017-06-02,2174280
1401,2017-06-03,2521130
1402,2017-06-04,2305300
1403,2017-06-05,2286000
1404,2017-06-06,2415120
1405,2017-06-07,2298460
1406,2017-06-08,2005760
1407,2017-06-09,2315220
1408,2017-06-10,2398630
1409,2017-06-11,2420160
1410,2017-06-12,2854280
1411,2017-06-13,2601090
1412,2017-06-14,2976590
1413,2017-06-15,3221820
1414,2017-06-16,1043590
1415,2017-06-17,1077520
1416,2017-06-18,3774350
1417,2017-06-19,1068350
1418,2017-06-20,3845330
1419,2017-06-21,1877550
1420,2017-06-22,5256930
1421,2017-06-23,5144770
1422,2017-06-24,1937130
1423,2017-06-25,1676260
1424,2017-06-26,7647140
1425,2017-06-27,5891650
1426,2017-06-28,6247490
1427,2017-06-29,6788300
1428,2017-06-30,6129750
1429,2017-07-01,6136820
1430,2017-07-02,5295120
1431,2017-07-03,5564660
1432,2017-07-04,4995490
1433,2017-07-05,4826090
1434,2017-07-06,4617770
1435,2017-07-07,4178600
1436,2017-07-08,3391410
1437,2017-07-09,3712700
1438,2017-07-10,3281210
1439,2017-07-11,2992050
1440,2017-07-12,2618590
1441,2017-07-13,3143520
1442,2017-07-14,3920570
1443,2017-07-15,3458440
1444,2017-07-16,3213780
1445,2017-07-17,3220860
1446,2017-07-18,3442690
1447,2017-07-19,3638630
1448,2017-07-20,3915080
1449,2017-07-21,6549030
1450,2017-07-22,8016480
1451,2017-07-23,8670140
1452,2017-07-24,8823500
1453,2017-07-25,8128590
1454,2017-07-26,7791730
1455,2017-07-27,1077280
1456,2017-07-28,1144330
1457,2017-07-29,918713
1458,2017-07-30,915532
1459,2017-07-31,869564
1460,2017-08-01,863445
1461,2017-08-02,847348
1462,2017-08-03,826722
1463,2017-08-04,541393
1464,2017-08-05,384737
1465,2017-08-06,414466
1466,2017-08-07,337577
1467,2017-08-08,304496
1468,2017-08-09,402218
1469,2017-08-10,339716
1470,2017-08-11,325953
1471,2017-08-12,276175
1472,2017-08-13,243232
1473,2017-08-14,244448
1474,2017-08-15,234604
1475,2017-08-16,206191
1476,2017-08-17,223589
1477,2017-08-18,218667
1478,2017-08-19,188745
1479,2017-08-20,191599
1480,2017-08-21,199552
1481,2017-08-22,216937
1482,2017-08-23,214574
1483,2017-08-24,180751
1484,2017-08-25,174821
1485,2017-08-26,176204
1486,2017-08-27,166195
1487,2017-08-28,164928
1488,2017-08-29,160711
1489,2017-08-30,149512
1490,2017-08-31,155551
1491,2017-09-01,158510
1492,2017-09-02,147883
1493,2017-09-03,120710
1494,2017-09-04,152598
1495,2017-09-05,108597
1496,2017-09-06,108963
1497,2017-09-07,157448
1498,2017-09-08,151073
1499,2017-09-09,95384
1500,2017-09-10,86608
1501,2017-09-11,85077
1502,2017-09-12,106096
1503,2017-09-13,104931
1504,2017-09-14,85968
1505,2017-09-15,76052
1506,2017-09-16,98055
1507,2017-09-17,87942
1508,2017-09-18,82757
1509,2017-09-19,99353
1510,2017-09-20,87023
1511,2017-09-21,94477
1512,2017-09-22,88070
1513,2017-09-23,82742
1514,2017-09-24,78559
1515,2017-09-25,76731
1516,2017-09-26,80830
1517,2017-09-27,83941
1518,2017-09-28,85610
1519,2017-09-29,112425
1520,2017-09-30,90202
1521,2017-10-01,90008
1522,2017-10-02,95722
1523,2017-10-03,95390
1524,2017-10-04,91150
1525,2017-10-05,102148
1526,2017-10-06,94049
1527,2017-10-07,132471
1528,2017-10-08,108999
1529,2017-10-09,101138
1530,2017-10-10,106225
1531,2017-10-11,96399
1532,2017-10-12,104851
1533,2017-10-13,116879
1534,2017-10-14,98650
1535,2017-10-15,89818
1536,2017-10-16,91562
1537,2017-10-17,99768
1538,2017-10-18,138284
1539,2017-10-19,118469
1540,2017-10-20,88976
1541,2017-10-21,91059
1542,2017-10-22,91340
1543,2017-10-23,88390
1544,2017-10-24,87537
1545,2017-10-25,100569
1546,2017-10-26,106853
1547,2017-10-27,109945
1548,2017-10-28,107881
1549,2017-10-29,109159
1550,2017-10-30,109958
1551,2017-10-31,114593
1552,2017-11-01,138402
1553,2017-11-02,122338
1554,2017-11-03,131432
1555,2017-11-04,130659
1556,2017-11-05,124274
1557,2017-11-06,124363
1558,2017-11-07,113908
1559,2017-11-08,122516
1560,2017-11-09,125108
1561,2017-11-10,146673
1562,2017-11-11,138196
1563,2017-11-12,179994
1564,2017-11-13,142887
1565,2017-11-14,161941
1566,2017-11-15,180446
1567,2017-11-16,164339
1568,2017-11-17,171033
1569,2017-11-18,196368
1570,2017-11-19,195392
1571,2017-11-20,188887
1572,2017-11-21,199892
1573,2017-11-22,220461
1574,2017-11-23,231557
1575,2017-11-24,211940
1576,2017-11-25,241709
1577,2017-11-26,235064
1578,2017-11-27,235629
1579,2017-11-28,271567
1580,2017-11-29,291372
1581,2017-11-30,305243
1582,2017-12-01,321173
1583,2017-12-02,317188
1584,2017-12-03,313818
1585,2017-12-04,351193
1586,2017-12-05,326841
1587,2017-12-06,399919
1588,2017-12-07,473783
1589,2017-12-08,554978
1590,2017-12-09,558588
1591,2017-12-10,507680
1592,2017-12-11,520931
1593,2017-12-12,578134
1594,2017-12-13,561648
1595,2017-12-14,464432
1596,2017-12-15,616743
1597,2017-12-16,675298
1598,2017-12-17,674419
1599,2017-12-18,769547
1600,2017-12-19,721576
1601,2017-12-20,663985
1602,2017-12-21,583861
1603,2017-12-22,587339
1604,2017-12-23,476321
1605,2017-12-24,538139
1606,2017-12-25,589794
1607,2017-12-26,929166
1608,2017-12-27,1085050
1609,2017-12-28,1571430
1610,2017-12-29,1061390
1611,2017-12-30,1526850
1612,2017-12-31,1263970
1613,2018-01-01,1447570
1614,2018-01-02,1603400
1615,2018-01-03,1829580
1616,2018-01-04,3481640
1617,2018-01-05,4056790
1618,2018-01-06,3866280
1619,2018-01-07,3592460
1620,2018-01-08,3607600
1621,2018-01-09,3315200
1622,2018-01-10,3694700
1623,2018-01-11,3093820
1624,2018-01-12,2794370
1625,2018-01-13,2998510
1626,2018-01-14,3587460
1627,2018-01-15,3348050
1628,2018-01-16,3214790
1629,2018-01-17,2461200
1630,2018-01-18,2150650
1631,2018-01-19,2307530
1632,2018-01-20,2394400
1633,2018-01-21,2468060
1634,2018-01-22,2286760
1635,2018-01-23,2111300
1636,2018-01-24,2307400
1637,2018-01-25,2624770
1638,2018-01-26,2725190
1639,2018-01-27,2497060
1640,2018-01-28,2802690
1641,2018-01-29,2889330
1642,2018-01-30,2758430
1643,2018-01-31,2305500
1644,2018-02-01,2172890
1645,2018-02-02,1743510
1646,2018-02-03,1304040
1647,2018-02-04,1747520
1648,2018-02-05,1511490
1649,2018-02-06,1049840
1650,2018-02-07,1216350
1651,2018-02-08,1208490
1652,2018-02-09,1241490
1653,2018-02-10,1271740
1654,2018-02-11,1087370
1655,2018-02-12,1066770
1656,2018-02-13,1159470
1657,2018-02-14,1198510
1658,2018-02-15,1284170
1659,2018-02-16,1274750
1660,2018-02-17,1432100
1661,2018-02-18,1546690
1662,2018-02-19,1257120
1663,2018-02-20,1345730
1664,2018-02-21,1538590
1665,2018-02-22,1337220
1666,2018-02-23,1199230
1667,2018-02-24,1296660
1668,2018-02-25,1201300
1669,2018-02-26,1070870
1670,2018-02-27,1232030
1671,2018-02-28,1389810
1672,2018-03-01,1194140
